18/12/2024 08:00,Bristol,Florence Barnes,Large Flavoured iced latte - Caramel - 3.25,3.25,CARD,6491394882435672
18/12/2024 08:01,Bristol,Mary Cornelison,"Regular Flavoured iced latte - Caramel - 2.75, Regular Flavoured latte - Hazelnut - 2.55, Regular Flavoured iced latte - Caramel - 2.75",8.05,CARD,3248905874574814
18/12/2024 08:02,Bristol,Joseph Bandy,"Large Flavoured latte - Hazelnut - 2.85, Regular Flavoured latte - Hazelnut - 2.55",5.4,CARD,3907014235351662
18/12/2024 08:03,Bristol,Dominic Taylor,"Large Flavoured iced latte - Caramel - 3.25, Regular Flavoured latte - Hazelnut - 2.55",5.8,CASH,
18/12/2024 08:04,Bristol,William Grant,"Regular Flavoured latte - Hazelnut - 2.55, Large Flavoured latte - Hazelnut - 2.85",5.4,CARD,2560438128916142
18/12/2024 08:05,Bristol,Debbra Figueredo,"Regular Flavoured iced latte - Caramel - 2.75, Regular Flavoured iced latte - Caramel - 2.75",5.5,CARD,5594265220898301
18/12/2024 08:06,Bristol,Benjamin Piper,"Large Flavoured iced latte - Caramel - 3.25, Large Flavoured latte - Hazelnut - 2.85, Regular Flavoured latte - Hazelnut - 2.55, Regular Flavoured iced latte - Caramel - 2.75",11.4,CARD,9918160373674133
18/12/2024 08:07,Bristol,Connie Leavy,"Large Flavoured latte - Hazelnut - 2.85, Regular Flavoured iced latte - Caramel - 2.75",5.6,CASH,
18/12/2024 08:08,Bristol,Dennis Bass,"Regular Flavoured iced latte - Caramel - 2.75, Large Flavoured latte - Hazelnut - 2.85, Regular Flavoured iced latte - Caramel - 2.75",8.35,CASH,
18/12/2024 08:09,Bristol,Joseph Francis,Regular Flavoured latte - Hazelnut - 2.55,2.55,CARD,8728005076625649
18/12/2024 08:10,Bristol,Paul West,Regular Flavoured iced latte - Caramel - 2.75,2.75,CASH,
18/12/2024 08:11,Bristol,Craig Dickey,"Large Flavoured iced latte - Caramel - 3.25, Regular Flavoured iced latte - Caramel - 2.75, Large Flavoured iced latte - Caramel - 3.25, Regular Flavoured latte - Hazelnut - 2.55, Large Flavoured iced latte - Caramel - 3.25",15.05,CARD,6529010380657133
18/12/2024 08:12,Bristol,Erwin Cloke,Regular Flavoured iced latte - Caramel - 2.75,2.75,CARD,5309899555422788
18/12/2024 08:13,Bristol,Judith Chapman,"Regular Flavoured latte - Hazelnut - 2.55, Large Flavoured iced latte - Caramel - 3.25",5.8,CARD,2597408950572825
18/12/2024 08:14,Bristol,Kimberly Boyer,"Large Flavoured iced latte - Caramel - 3.25, Large Flavoured latte - Hazelnut - 2.85, Large Flavoured latte - Hazelnut - 2.85, Large Flavoured latte - Hazelnut - 2.85, Regular Flavoured latte - Hazelnut - 2.55",14.35,CARD,2640431009674480
18/12/2024 08:15,Bristol,Derick Michael,"Regular Flavoured iced latte - Caramel - 2.75, Regular Flavoured iced latte - Caramel - 2.75",5.5,CARD,5650476256151790
18/12/2024 08:16,Bristol,John Bankston,"Regular Flavoured latte - Hazelnut - 2.55, Large Flavoured iced latte - Caramel - 3.25",5.8,CASH,
18/12/2024 08:17,Bristol,Raymond Flowers,"Regular Flavoured iced latte - Caramel - 2.75, Large Flavoured iced latte - Caramel - 3.25, Large Flavoured latte - Hazelnut - 2.85, Regular Flavoured latte - Hazelnut - 2.55",11.4,CARD,4459806042600585
18/12/2024 08:18,Bristol,John Sample,"Regular Flavoured iced latte - Caramel - 2.75, Regular Flavoured iced latte - Caramel - 2.75, Regular Flavoured iced latte - Caramel - 2.75, Large Flavoured latte - Hazelnut - 2.85, Large Flavoured iced latte - Caramel - 3.25",14.35,CARD,6260598259148962
18/12/2024 08:19,Bristol,Millard Nguyen,"Large Flavoured iced latte - Caramel - 3.25, Regular Flavoured iced latte - Caramel - 2.75, Regular Flavoured latte - Hazelnut - 2.55, Regular Flavoured latte - Hazelnut - 2.55, Large Flavoured latte - Hazelnut - 2.85",13.95,CARD,6398308756690909
18/12/2024 08:20,Bristol,Olga Salinas,"Regular Flavoured latte - Hazelnut - 2.55, Large Flavoured latte - Hazelnut - 2.85, Large Flavoured iced latte - Caramel - 3.25, Large Flavoured iced latte - Caramel - 3.25",11.9,CARD,1467314497600733
18/12/2024 08:21,Bristol,Mary Allen,Large Flavoured iced latte - Caramel - 3.25,3.25,CASH,
18/12/2024 08:22,Bristol,Carolyn Bewick,"Regular Flavoured latte - Hazelnut - 2.55, Regular Flavoured iced latte - Caramel - 2.75",5.3,CASH,
18/12/2024 08:23,Bristol,Rosa Matlock,"Large Flavoured iced latte - Caramel - 3.25, Regular Flavoured latte - Hazelnut - 2.55, Large Flavoured iced latte - Caramel - 3.25, Regular Flavoured iced latte - Caramel - 2.75, Large Flavoured iced latte - Caramel - 3.25",15.05,CARD,8328807737644028
18/12/2024 08:24,Bristol,Michael Lacy,"Large Flavoured latte - Hazelnut - 2.85, Regular Flavoured iced latte - Caramel - 2.75",5.6,CARD,2784314838278016
18/12/2024 08:25,Bristol,Michelle Mckenzie,"Regular Flavoured latte - Hazelnut - 2.55, Large Flavoured latte - Hazelnut - 2.85, Regular Flavoured iced latte - Caramel - 2.75",8.15,CARD,4677328835024258
18/12/2024 08:26,Bristol,Ralph Torres,"Regular Flavoured iced latte - Caramel - 2.75, Regular Flavoured iced latte - Caramel - 2.75",5.5,CARD,6508741820643718
18/12/2024 08:27,Bristol,James Hollis,"Large Flavoured iced latte - Caramel - 3.25, Regular Flavoured latte - Hazelnut - 2.55, Regular Flavoured latte - Hazelnut - 2.55, Regular Flavoured iced latte - Caramel - 2.75",11.1,CASH,
18/12/2024 08:28,Bristol,Florida Perez,"Large Flavoured iced latte - Caramel - 3.25, Large Flavoured latte - Hazelnut - 2.85",6.1,CARD,2340730294944615
18/12/2024 08:29,Bristol,Doug Crawford,"Regular Flavoured iced latte - Caramel - 2.75, Large Flavoured iced latte - Caramel - 3.25, Large Flavoured iced latte - Caramel - 3.25",9.25,CARD,8633442341248279
18/12/2024 08:30,Bristol,Mark Bradshaw,"Large Flavoured iced latte - Caramel - 3.25, Large Flavoured iced latte - Caramel - 3.25",6.5,CARD,7082653925490091
18/12/2024 08:31,Bristol,Kenny Collins,Large Flavoured iced latte - Caramel - 3.25,3.25,CARD,3685717361343068
18/12/2024 08:32,Bristol,Troy Moore,"Regular Flavoured latte - Hazelnut - 2.55, Regular Flavoured iced latte - Caramel - 2.75",5.3,CARD,5721973384652779
18/12/2024 08:33,Bristol,Caroline Knapp,"Regular Flavoured iced latte - Caramel - 2.75, Regular Flavoured iced latte - Caramel - 2.75, Large Flavoured latte - Hazelnut - 2.85",8.35,CARD,8899838424978836
18/12/2024 08:34,Bristol,Patsy Franco,"Large Flavoured iced latte - Caramel - 3.25, Large Flavoured iced latte - Caramel - 3.25, Large Flavoured latte - Hazelnut - 2.85",9.35,CARD,9137990552468563
18/12/2024 08:35,Bristol,Saul Orozco,"Large Flavoured latte - Hazelnut - 2.85, Large Flavoured iced latte - Caramel - 3.25",6.1,CASH,
18/12/2024 08:36,Bristol,Stuart Spearman,Large Flavoured latte - Hazelnut - 2.85,2.85,CASH,
18/12/2024 08:37,Bristol,David Betton,"Regular Flavoured latte - Hazelnut - 2.55, Regular Flavoured latte - Hazelnut - 2.55, Regular Flavoured latte - Hazelnut - 2.55",7.65,CASH,
18/12/2024 08:38,Bristol,Barry Thomas,"Large Flavoured latte - Hazelnut - 2.85, Regular Flavoured iced latte - Caramel - 2.75, Large Flavoured iced latte - Caramel - 3.25, Regular Flavoured latte - Hazelnut - 2.55",11.4,CARD,5513822145790127
18/12/2024 08:39,Bristol,Mary Newsome,"Large Flavoured latte - Hazelnut - 2.85, Regular Flavoured iced latte - Caramel - 2.75",5.6,CARD,9845367855196821
18/12/2024 08:40,Bristol,David Perkins,"Regular Flavoured iced latte - Caramel - 2.75, Regular Flavoured latte - Hazelnut - 2.55, Large Flavoured latte - Hazelnut - 2.85",8.15,CASH,
18/12/2024 08:41,Bristol,Eric Littleton,"Regular Flavoured iced latte - Caramel - 2.75, Large Flavoured latte - Hazelnut - 2.85",5.6,CARD,6201405883982461
18/12/2024 08:42,Bristol,Brian Monfort,"Regular Flavoured latte - Hazelnut - 2.55, Large Flavoured iced latte - Caramel - 3.25, Large Flavoured latte - Hazelnut - 2.85, Regular Flavoured latte - Hazelnut - 2.55",11.2,CASH,
18/12/2024 08:43,Bristol,Betty Russ,"Regular Flavoured latte - Hazelnut - 2.55, Large Flavoured latte - Hazelnut - 2.85",5.4,CARD,3163510993950354
18/12/2024 08:44,Bristol,Violet Miller,"Large Flavoured iced latte - Caramel - 3.25, Regular Flavoured latte - Hazelnut - 2.55, Regular Flavoured latte - Hazelnut - 2.55",8.35,CARD,8540628631697440
18/12/2024 08:45,Bristol,Gloria Owens,"Large Flavoured latte - Hazelnut - 2.85, Regular Flavoured latte - Hazelnut - 2.55",5.4,CARD,9579712341840634
18/12/2024 08:46,Bristol,Daniel Painter,"Large Flavoured iced latte - Caramel - 3.25, Regular Flavoured iced latte - Caramel - 2.75",6.0,CASH,
18/12/2024 08:47,Bristol,Bryan Sell,"Large Flavoured latte - Hazelnut - 2.85, Large Flavoured iced latte - Caramel - 3.25, Large Flavoured latte - Hazelnut - 2.85, Large Flavoured latte - Hazelnut - 2.85",11.8,CASH,
18/12/2024 08:48,Bristol,Anthony Ortega,"Regular Flavoured latte - Hazelnut - 2.55, Large Flavoured iced latte - Caramel - 3.25",5.8,CARD,7480119722241270
18/12/2024 08:49,Bristol,Tracy Franca,"Regular Flavoured iced latte - Caramel - 2.75, Regular Flavoured iced latte - Caramel - 2.75, Large Flavoured latte - Hazelnut - 2.85, Large Flavoured iced latte - Caramel - 3.25, Large Flavoured latte - Hazelnut - 2.85",14.45,CARD,7226771560824975
18/12/2024 08:50,Bristol,Juanita Leatherwood,"Large Flavoured latte - Hazelnut - 2.85, Regular Flavoured latte - Hazelnut - 2.55, Regular Flavoured iced latte - Caramel - 2.75",8.15,CASH,
18/12/2024 08:51,Bristol,Jared Gross,"Regular Flavoured iced latte - Caramel - 2.75, Regular Flavoured iced latte - Caramel - 2.75, Large Flavoured iced latte - Caramel - 3.25, Regular Flavoured iced latte - Caramel - 2.75",11.5,CARD,4946474493002651
18/12/2024 08:52,Bristol,Janet Joyner,"Regular Flavoured latte - Hazelnut - 2.55, Large Flavoured iced latte - Caramel - 3.25, Large Flavoured iced latte - Caramel - 3.25, Regular Flavoured iced latte - Caramel - 2.75",11.8,CARD,8321259728622968
18/12/2024 08:53,Bristol,Nicholas Thomas,"Regular Flavoured latte - Hazelnut - 2.55, Regular Flavoured iced latte - Caramel - 2.75",5.3,CASH,
18/12/2024 08:54,Bristol,Lorene Teixeira,"Regular Flavoured latte - Hazelnut - 2.55, Large Flavoured iced latte - Caramel - 3.25, Regular Flavoured iced latte - Caramel - 2.75, Regular Flavoured latte - Hazelnut - 2.55",11.1,CARD,2167294091586536
18/12/2024 08:55,Bristol,Jose Downs,"Large Flavoured iced latte - Caramel - 3.25, Regular Flavoured latte - Hazelnut - 2.55",5.8,CARD,5034286084357248
18/12/2024 08:56,Bristol,Timothy Reese,"Large Flavoured latte - Hazelnut - 2.85, Large Flavoured latte - Hazelnut - 2.85, Regular Flavoured latte - Hazelnut - 2.55, Large Flavoured iced latte - Caramel - 3.25",11.5,CARD,5421150125120318
18/12/2024 08:57,Bristol,Sean Busby,"Large Flavoured iced latte - Caramel - 3.25, Large Flavoured latte - Hazelnut - 2.85",6.1,CASH,
18/12/2024 08:58,Bristol,Jonathan Brock,Regular Flavoured latte - Hazelnut - 2.55,2.55,CASH,
18/12/2024 08:59,Bristol,Karen Harris,"Large Flavoured iced latte - Caramel - 3.25, Regular Flavoured latte - Hazelnut - 2.55, Regular Flavoured latte - Hazelnut - 2.55, Regular Flavoured iced latte - Caramel - 2.75, Large Flavoured latte - Hazelnut - 2.85, Large Flavoured latte - Hazelnut - 2.85",16.8,CARD,7467770407888598
18/12/2024 09:00,Bristol,Robert Horowitz,"Large Flavoured iced latte - Caramel - 3.25, Regular Flavoured iced latte - Caramel - 2.75, Large Flavoured latte - Hazelnut - 2.85, Regular Flavoured iced latte - Caramel - 2.75",11.6,CARD,2917392236066617
18/12/2024 09:01,Bristol,Kristina Levitt,"Large Flavoured latte - Hazelnut - 2.85, Large Flavoured latte - Hazelnut - 2.85, Large Flavoured latte - Hazelnut - 2.85",8.55,CARD,8681723511794931
18/12/2024 09:02,Bristol,Phillip Adams,"Regular Flavoured latte - Hazelnut - 2.55, Large Flavoured latte - Hazelnut - 2.85, Regular Flavoured latte - Hazelnut - 2.55, Regular Flavoured iced latte - Caramel - 2.75, Regular Flavoured iced latte - Caramel - 2.75, Regular Flavoured latte - Hazelnut - 2.55",16.0,CARD,4556372943445374
18/12/2024 09:04,Bristol,Candelaria Laferriere,"Regular Flavoured latte - Hazelnut - 2.55, Regular Flavoured latte - Hazelnut - 2.55",5.1,CARD,5084136897188812
18/12/2024 09:05,Bristol,John Steelman,"Large Flavoured iced latte - Caramel - 3.25, Regular Flavoured latte - Hazelnut - 2.55",5.8,CASH,
18/12/2024 09:06,Bristol,Elizabeth Snyder,"Large Flavoured latte - Hazelnut - 2.85, Regular Flavoured latte - Hazelnut - 2.55",5.4,CARD,6294404702477509
18/12/2024 09:08,Bristol,Michael Koch,"Large Flavoured iced latte - Caramel - 3.25, Large Flavoured latte - Hazelnut - 2.85",6.1,CARD,1249121249255290
18/12/2024 09:09,Bristol,Elise Powers,"Large Flavoured latte - Hazelnut - 2.85, Large Flavoured iced latte - Caramel - 3.25",6.1,CARD,4763649580238600
18/12/2024 09:11,Bristol,Cindy Wood,Regular Flavoured iced latte - Caramel - 2.75,2.75,CASH,
18/12/2024 09:12,Bristol,Matthew Treadway,"Regular Flavoured iced latte - Caramel - 2.75, Regular Flavoured iced latte - Caramel - 2.75, Large Flavoured latte - Hazelnut - 2.85, Large Flavoured latte - Hazelnut - 2.85, Large Flavoured iced latte - Caramel - 3.25, Regular Flavoured latte - Hazelnut - 2.55",17.0,CASH,
18/12/2024 09:13,Bristol,Amanda Duvall,Large Flavoured latte - Hazelnut - 2.85,2.85,CARD,6816450267262719
18/12/2024 09:15,Bristol,Christy Cramer,"Regular Flavoured iced latte - Caramel - 2.75, Regular Flavoured iced latte - Caramel - 2.75",5.5,CARD,3660132566817542
18/12/2024 09:16,Bristol,John Carter,"Large Flavoured latte - Hazelnut - 2.85, Regular Flavoured latte - Hazelnut - 2.55, Large Flavoured iced latte - Caramel - 3.25",8.65,CARD,6834774226069265
18/12/2024 09:17,Bristol,Richard Mabe,Regular Flavoured latte - Hazelnut - 2.55,2.55,CARD,1984795978997403
18/12/2024 09:19,Bristol,Charles Coons,"Regular Flavoured latte - Hazelnut - 2.55, Large Flavoured latte - Hazelnut - 2.85, Regular Flavoured iced latte - Caramel - 2.75, Regular Flavoured latte - Hazelnut - 2.55, Regular Flavoured iced latte - Caramel - 2.75",13.45,CARD,4689050040804953
18/12/2024 09:20,Bristol,Anne Razo,"Regular Flavoured latte - Hazelnut - 2.55, Regular Flavoured latte - Hazelnut - 2.55, Regular Flavoured iced latte - Caramel - 2.75, Regular Flavoured latte - Hazelnut - 2.55, Large Flavoured iced latte - Caramel - 3.25",13.65,CARD,5283275560346332
18/12/2024 09:22,Bristol,Carolyn Hoggard,"Regular Flavoured latte - Hazelnut - 2.55, Large Flavoured latte - Hazelnut - 2.85, Large Flavoured latte - Hazelnut - 2.85",8.25,CASH,
18/12/2024 09:23,Bristol,Scott Bernhardt,"Large Flavoured iced latte - Caramel - 3.25, Regular Flavoured iced latte - Caramel - 2.75",6.0,CARD,5250512088495351
18/12/2024 09:24,Bristol,Jude Davis,Large Flavoured iced latte - Caramel - 3.25,3.25,CARD,7068484886363193
18/12/2024 09:26,Bristol,John Brakefield,Large Flavoured latte - Hazelnut - 2.85,2.85,CARD,6076258608747630
18/12/2024 09:27,Bristol,Shari Ringstaff,"Large Flavoured latte - Hazelnut - 2.85, Regular Flavoured latte - Hazelnut - 2.55",5.4,CARD,4426604726674778
18/12/2024 09:29,Bristol,James Kolden,"Large Flavoured latte - Hazelnut - 2.85, Regular Flavoured latte - Hazelnut - 2.55, Large Flavoured latte - Hazelnut - 2.85, Regular Flavoured latte - Hazelnut - 2.55, Large Flavoured latte - Hazelnut - 2.85",13.65,CARD,1707090265885818
18/12/2024 09:30,Bristol,Ricardo Shaner,"Large Flavoured iced latte - Caramel - 3.25, Large Flavoured iced latte - Caramel - 3.25, Regular Flavoured iced latte - Caramel - 2.75, Regular Flavoured iced latte - Caramel - 2.75, Regular Flavoured iced latte - Caramel - 2.75, Regular Flavoured latte - Hazelnut - 2.55",17.3,CARD,4126185826782505
18/12/2024 09:31,Bristol,Thomas Hecht,Regular Flavoured iced latte - Caramel - 2.75,2.75,CARD,2179512643130333
18/12/2024 09:33,Bristol,Ramon Morrison,Regular Flavoured latte - Hazelnut - 2.55,2.55,CARD,7050387184762774
18/12/2024 09:34,Bristol,Paul Roach,Large Flavoured latte - Hazelnut - 2.85,2.85,CASH,
18/12/2024 09:35,Bristol,Louise Smith,"Regular Flavoured latte - Hazelnut - 2.55, Large Flavoured iced latte - Caramel - 3.25, Regular Flavoured latte - Hazelnut - 2.55, Regular Flavoured latte - Hazelnut - 2.55, Large Flavoured iced latte - Caramel - 3.25",14.15,CARD,5480761971588658
18/12/2024 09:37,Bristol,Kathryn Dalton,"Regular Flavoured iced latte - Caramel - 2.75, Large Flavoured iced latte - Caramel - 3.25",6.0,CASH,
18/12/2024 09:38,Bristol,James Whitley,"Regular Flavoured iced latte - Caramel - 2.75, Regular Flavoured iced latte - Caramel - 2.75, Regular Flavoured latte - Hazelnut - 2.55, Regular Flavoured latte - Hazelnut - 2.55",10.6,CARD,9526693059330085
18/12/2024 09:40,Bristol,Glenn Rouzer,"Large Flavoured latte - Hazelnut - 2.85, Regular Flavoured iced latte - Caramel - 2.75",5.6,CARD,8947148410485910
18/12/2024 09:41,Bristol,Simon Beam,"Large Flavoured iced latte - Caramel - 3.25, Regular Flavoured latte - Hazelnut - 2.55",5.8,CARD,4085398304414540
18/12/2024 09:42,Bristol,Tim Ebersole,"Regular Flavoured latte - Hazelnut - 2.55, Large Flavoured latte - Hazelnut - 2.85",5.4,CARD,3434707246070880
18/12/2024 09:44,Bristol,Mark Mcnease,"Regular Flavoured iced latte - Caramel - 2.75, Large Flavoured iced latte - Caramel - 3.25",6.0,CARD,3426862538389198
18/12/2024 09:45,Bristol,Lloyd Gast,Regular Flavoured latte - Hazelnut - 2.55,2.55,CASH,
18/12/2024 09:47,Bristol,Steve Scully,"Large Flavoured latte - Hazelnut - 2.85, Large Flavoured latte - Hazelnut - 2.85, Regular Flavoured iced latte - Caramel - 2.75, Large Flavoured latte - Hazelnut - 2.85, Large Flavoured iced latte - Caramel - 3.25",14.55,CASH,
18/12/2024 09:48,Bristol,Sylvester Olson,Regular Flavoured iced latte - Caramel - 2.75,2.75,CARD,3565973552963060
18/12/2024 09:49,Bristol,Victoria Byrd,"Regular Flavoured latte - Hazelnut - 2.55, Regular Flavoured latte - Hazelnut - 2.55, Large Flavoured iced latte - Caramel - 3.25, Regular Flavoured latte - Hazelnut - 2.55, Regular Flavoured latte - Hazelnut - 2.55, Regular Flavoured latte - Hazelnut - 2.55",16.0,CARD,1853306752775264
18/12/2024 09:51,Bristol,Ronald Nau,"Large Flavoured latte - Hazelnut - 2.85, Large Flavoured iced latte - Caramel - 3.25, Large Flavoured iced latte - Caramel - 3.25, Regular Flavoured latte - Hazelnut - 2.55, Large Flavoured latte - Hazelnut - 2.85, Regular Flavoured iced latte - Caramel - 2.75",17.5,CARD,7613339497050096
18/12/2024 09:52,Bristol,Joshua Crawford,"Regular Flavoured iced latte - Caramel - 2.75, Large Flavoured latte - Hazelnut - 2.85",5.6,CARD,5896555424493752
18/12/2024 09:53,Bristol,Arthur Benavides,"Regular Flavoured latte - Hazelnut - 2.55, Regular Flavoured iced latte - Caramel - 2.75, Regular Flavoured latte - Hazelnut - 2.55",7.85,CARD,4809862884413409
18/12/2024 09:55,Bristol,Barbara Griffith,"Large Flavoured latte - Hazelnut - 2.85, Large Flavoured iced latte - Caramel - 3.25",6.1,CASH,
18/12/2024 09:56,Bristol,Michael Davis,"Large Flavoured latte - Hazelnut - 2.85, Regular Flavoured latte - Hazelnut - 2.55",5.4,CASH,
18/12/2024 09:58,Bristol,Kelly Mcconnell,"Large Flavoured latte - Hazelnut - 2.85, Regular Flavoured iced latte - Caramel - 2.75, Large Flavoured iced latte - Caramel - 3.25",8.85,CARD,7616917990251196
18/12/2024 09:59,Bristol,Joy Westfall,"Regular Flavoured iced latte - Caramel - 2.75, Large Flavoured iced latte - Caramel - 3.25",6.0,CARD,8340999000409640
18/12/2024 10:00,Bristol,Micheal Jennings,"Regular Flavoured iced latte - Caramel - 2.75, Large Flavoured latte - Hazelnut - 2.85",5.6,CARD,4765219315290264
18/12/2024 10:02,Bristol,Harry Winterholler,Regular Flavoured latte - Hazelnut - 2.55,2.55,CARD,4777306566540124
18/12/2024 10:03,Bristol,Florence Crane,"Regular Flavoured latte - Hazelnut - 2.55, Regular Flavoured iced latte - Caramel - 2.75",5.3,CARD,2411370068686762
18/12/2024 10:04,Bristol,Thelma Crowley,"Large Flavoured latte - Hazelnut - 2.85, Regular Flavoured latte - Hazelnut - 2.55",5.4,CARD,7451867723334891
18/12/2024 10:06,Bristol,Kim Lamp,"Large Flavoured latte - Hazelnut - 2.85, Large Flavoured latte - Hazelnut - 2.85, Large Flavoured latte - Hazelnut - 2.85, Large Flavoured iced latte - Caramel - 3.25, Large Flavoured latte - Hazelnut - 2.85, Regular Flavoured latte - Hazelnut - 2.55",17.2,CARD,2546621323970572
18/12/2024 10:07,Bristol,Juan Bullins,"Large Flavoured latte - Hazelnut - 2.85, Large Flavoured latte - Hazelnut - 2.85, Regular Flavoured iced latte - Caramel - 2.75, Regular Flavoured latte - Hazelnut - 2.55, Regular Flavoured iced latte - Caramel - 2.75",13.75,CASH,
18/12/2024 10:09,Bristol,Sandy Phinney,"Regular Flavoured latte - Hazelnut - 2.55, Large Flavoured iced latte - Caramel - 3.25, Regular Flavoured latte - Hazelnut - 2.55",8.35,CARD,6039639221024756
18/12/2024 10:10,Bristol,Cameron Liles,"Large Flavoured latte - Hazelnut - 2.85, Regular Flavoured latte - Hazelnut - 2.55, Large Flavoured latte - Hazelnut - 2.85, Regular Flavoured latte - Hazelnut - 2.55",10.8,CARD,3020621804004231
18/12/2024 10:11,Bristol,Carlos Rodriguez,"Large Flavoured iced latte - Caramel - 3.25, Large Flavoured latte - Hazelnut - 2.85, Regular Flavoured iced latte - Caramel - 2.75, Large Flavoured iced latte - Caramel - 3.25",12.1,CARD,2728459716963944
18/12/2024 10:13,Bristol,Tony Fountain,"Large Flavoured latte - Hazelnut - 2.85, Regular Flavoured iced latte - Caramel - 2.75, Regular Flavoured latte - Hazelnut - 2.55",8.15,CARD,9353298109903440
18/12/2024 10:14,Bristol,Kevin Wrisley,"Large Flavoured iced latte - Caramel - 3.25, Large Flavoured iced latte - Caramel - 3.25, Large Flavoured iced latte - Caramel - 3.25",9.75,CARD,6341488078987777
18/12/2024 10:15,Bristol,Mary Anderson,Large Flavoured latte - Hazelnut - 2.85,2.85,CARD,8588060920282701
18/12/2024 10:17,Bristol,James Olvera,"Regular Flavoured iced latte - Caramel - 2.75, Large Flavoured latte - Hazelnut - 2.85, Regular Flavoured latte - Hazelnut - 2.55, Regular Flavoured iced latte - Caramel - 2.75",10.9,CARD,7441840109569969
18/12/2024 10:18,Bristol,Emma Roberts,Large Flavoured latte - Hazelnut - 2.85,2.85,CARD,5037194180821179
18/12/2024 10:19,Bristol,Charles Witt,"Regular Flavoured latte - Hazelnut - 2.55, Regular Flavoured iced latte - Caramel - 2.75, Regular Flavoured latte - Hazelnut - 2.55, Regular Flavoured latte - Hazelnut - 2.55, Large Flavoured latte - Hazelnut - 2.85, Regular Flavoured latte - Hazelnut - 2.55",15.8,CASH,
18/12/2024 10:21,Bristol,Marie Mcbride,Regular Flavoured latte - Hazelnut - 2.55,2.55,CARD,1622826356361874
18/12/2024 10:22,Bristol,James Chappell,"Regular Flavoured iced latte - Caramel - 2.75, Regular Flavoured latte - Hazelnut - 2.55",5.3,CASH,
18/12/2024 10:23,Bristol,Ignacio Williams,"Regular Flavoured latte - Hazelnut - 2.55, Large Flavoured latte - Hazelnut - 2.85",5.4,CASH,
18/12/2024 10:25,Bristol,Cynthia Grochmal,"Regular Flavoured iced latte - Caramel - 2.75, Large Flavoured latte - Hazelnut - 2.85, Large Flavoured iced latte - Caramel - 3.25, Large Flavoured iced latte - Caramel - 3.25",12.1,CARD,2954886984523539
18/12/2024 10:26,Bristol,Carolyn Darden,"Large Flavoured latte - Hazelnut - 2.85, Large Flavoured latte - Hazelnut - 2.85, Regular Flavoured latte - Hazelnut - 2.55, Large Flavoured latte - Hazelnut - 2.85",11.1,CARD,2074198406683667
18/12/2024 10:27,Bristol,Edwin Stevens,"Regular Flavoured iced latte - Caramel - 2.75, Regular Flavoured latte - Hazelnut - 2.55, Large Flavoured iced latte - Caramel - 3.25, Large Flavoured iced latte - Caramel - 3.25, Large Flavoured latte - Hazelnut - 2.85",14.65,CARD,5474937196030388
18/12/2024 10:29,Bristol,Shalonda Seales,"Regular Flavoured latte - Hazelnut - 2.55, Large Flavoured iced latte - Caramel - 3.25, Regular Flavoured latte - Hazelnut - 2.55",8.35,CASH,
18/12/2024 10:30,Bristol,Byron Ferris,"Regular Flavoured iced latte - Caramel - 2.75, Large Flavoured iced latte - Caramel - 3.25",6.0,CARD,7034024592157298
18/12/2024 10:31,Bristol,Rebecca Heverly,"Regular Flavoured latte - Hazelnut - 2.55, Large Flavoured latte - Hazelnut - 2.85, Regular Flavoured latte - Hazelnut - 2.55",7.95,CASH,
18/12/2024 10:33,Bristol,Christina Jones,"Regular Flavoured latte - Hazelnut - 2.55, Regular Flavoured iced latte - Caramel - 2.75, Regular Flavoured latte - Hazelnut - 2.55, Large Flavoured latte - Hazelnut - 2.85",10.7,CARD,6908434847031423
18/12/2024 10:34,Bristol,Victoria Case,"Regular Flavoured iced latte - Caramel - 2.75, Large Flavoured iced latte - Caramel - 3.25",6.0,CASH,
18/12/2024 10:36,Bristol,Freida Pike,Large Flavoured iced latte - Caramel - 3.25,3.25,CASH,
18/12/2024 10:37,Bristol,Jude Fisher,"Large Flavoured iced latte - Caramel - 3.25, Regular Flavoured iced latte - Caramel - 2.75, Regular Flavoured latte - Hazelnut - 2.55, Large Flavoured iced latte - Caramel - 3.25",11.8,CASH,
18/12/2024 10:38,Bristol,Louis Trimble,"Large Flavoured iced latte - Caramel - 3.25, Regular Flavoured iced latte - Caramel - 2.75, Large Flavoured iced latte - Caramel - 3.25, Large Flavoured iced latte - Caramel - 3.25, Regular Flavoured latte - Hazelnut - 2.55, Large Flavoured iced latte - Caramel - 3.25",18.3,CARD,7760869365274997
18/12/2024 10:40,Bristol,Frank Boles,"Regular Flavoured iced latte - Caramel - 2.75, Regular Flavoured latte - Hazelnut - 2.55, Large Flavoured latte - Hazelnut - 2.85",8.15,CASH,
18/12/2024 10:41,Bristol,Rebecca Reed,"Large Flavoured latte - Hazelnut - 2.85, Large Flavoured latte - Hazelnut - 2.85, Large Flavoured latte - Hazelnut - 2.85, Large Flavoured iced latte - Caramel - 3.25",11.8,CARD,4298762430590930
18/12/2024 10:42,Bristol,Javier Mckean,"Regular Flavoured iced latte - Caramel - 2.75, Large Flavoured latte - Hazelnut - 2.85, Large Flavoured latte - Hazelnut - 2.85, Large Flavoured iced latte - Caramel - 3.25",11.7,CASH,
18/12/2024 10:44,Bristol,Angela Douglas,Large Flavoured latte - Hazelnut - 2.85,2.85,CARD,5741958601249425
18/12/2024 10:45,Bristol,William Smith,"Regular Flavoured latte - Hazelnut - 2.55, Regular Flavoured iced latte - Caramel - 2.75, Regular Flavoured iced latte - Caramel - 2.75, Regular Flavoured iced latte - Caramel - 2.75",10.8,CASH,
18/12/2024 10:46,Bristol,Jeffrey Reno,"Regular Flavoured latte - Hazelnut - 2.55, Large Flavoured latte - Hazelnut - 2.85, Regular Flavoured latte - Hazelnut - 2.55, Large Flavoured iced latte - Caramel - 3.25",11.2,CARD,3599334303891920
18/12/2024 10:48,Bristol,Ernest Southall,"Regular Flavoured latte - Hazelnut - 2.55, Regular Flavoured iced latte - Caramel - 2.75",5.3,CASH,
18/12/2024 10:49,Bristol,Margaret Smith,"Regular Flavoured latte - Hazelnut - 2.55, Large Flavoured iced latte - Caramel - 3.25, Large Flavoured iced latte - Caramel - 3.25, Regular Flavoured latte - Hazelnut - 2.55",11.6,CARD,1455424608148604
18/12/2024 10:50,Bristol,Marta Porter,"Large Flavoured latte - Hazelnut - 2.85, Regular Flavoured iced latte - Caramel - 2.75, Large Flavoured iced latte - Caramel - 3.25",8.85,CARD,6289714521735487
18/12/2024 10:52,Bristol,William Worsham,"Regular Flavoured latte - Hazelnut - 2.55, Regular Flavoured iced latte - Caramel - 2.75",5.3,CASH,
18/12/2024 10:53,Bristol,David Sweeney,"Regular Flavoured latte - Hazelnut - 2.55, Regular Flavoured latte - Hazelnut - 2.55, Regular Flavoured latte - Hazelnut - 2.55",7.65,CARD,3793016386828104
18/12/2024 10:54,Bristol,Joseph Gillikin,"Regular Flavoured iced latte - Caramel - 2.75, Large Flavoured latte - Hazelnut - 2.85, Large Flavoured latte - Hazelnut - 2.85, Regular Flavoured iced latte - Caramel - 2.75, Large Flavoured iced latte - Caramel - 3.25",14.45,CARD,2552461786463842
18/12/2024 10:56,Bristol,Maya Justice,"Large Flavoured latte - Hazelnut - 2.85, Large Flavoured latte - Hazelnut - 2.85",5.7,CARD,6391853646190976
18/12/2024 10:57,Bristol,Richard Watkins,"Regular Flavoured latte - Hazelnut - 2.55, Large Flavoured latte - Hazelnut - 2.85",5.4,CASH,
18/12/2024 10:59,Bristol,Paul Wood,Large Flavoured iced latte - Caramel - 3.25,3.25,CARD,6309915015425940
18/12/2024 11:00,Bristol,Haydee Tamayo,"Large Flavoured latte - Hazelnut - 2.85, Regular Flavoured latte - Hazelnut - 2.55, Regular Flavoured latte - Hazelnut - 2.55",7.95,CARD,1821007476291591
18/12/2024 11:05,Bristol,Terry Brown,"Large Flavoured iced latte - Caramel - 3.25, Regular Flavoured latte - Hazelnut - 2.55, Regular Flavoured latte - Hazelnut - 2.55, Large Flavoured latte - Hazelnut - 2.85",11.2,CASH,
18/12/2024 11:10,Bristol,Olga Paquin,Regular Flavoured iced latte - Caramel - 2.75,2.75,CARD,4993181975372122
18/12/2024 11:15,Bristol,Jose Hoffman,"Large Flavoured latte - Hazelnut - 2.85, Regular Flavoured latte - Hazelnut - 2.55, Large Flavoured iced latte - Caramel - 3.25, Regular Flavoured iced latte - Caramel - 2.75, Regular Flavoured latte - Hazelnut - 2.55",13.95,CASH,
18/12/2024 11:20,Bristol,Robert Jones,"Large Flavoured latte - Hazelnut - 2.85, Regular Flavoured latte - Hazelnut - 2.55, Large Flavoured iced latte - Caramel - 3.25",8.65,CARD,5018708687718264
18/12/2024 11:25,Bristol,Ruth Buchan,"Large Flavoured latte - Hazelnut - 2.85, Regular Flavoured latte - Hazelnut - 2.55, Large Flavoured latte - Hazelnut - 2.85",8.25,CARD,6700059139199165
18/12/2024 11:30,Bristol,Eric Michael,"Regular Flavoured iced latte - Caramel - 2.75, Regular Flavoured iced latte - Caramel - 2.75, Large Flavoured iced latte - Caramel - 3.25",8.75,CASH,
18/12/2024 11:35,Bristol,Robert Naughton,"Large Flavoured iced latte - Caramel - 3.25, Regular Flavoured latte - Hazelnut - 2.55, Regular Flavoured latte - Hazelnut - 2.55, Large Flavoured latte - Hazelnut - 2.85, Regular Flavoured latte - Hazelnut - 2.55, Regular Flavoured iced latte - Caramel - 2.75",16.5,CASH,
18/12/2024 11:40,Bristol,Melissa Howard,Large Flavoured latte - Hazelnut - 2.85,2.85,CARD,4419927688355446
18/12/2024 11:45,Bristol,David Wilmoth,Large Flavoured latte - Hazelnut - 2.85,2.85,CASH,
18/12/2024 11:50,Bristol,Steve Kane,"Regular Flavoured latte - Hazelnut - 2.55, Regular Flavoured iced latte - Caramel - 2.75, Regular Flavoured latte - Hazelnut - 2.55",7.85,CARD,3118002940583647
18/12/2024 11:55,Bristol,Dorothy Hidalgo,"Regular Flavoured latte - Hazelnut - 2.55, Regular Flavoured latte - Hazelnut - 2.55, Regular Flavoured iced latte - Caramel - 2.75",7.85,CASH,
18/12/2024 12:00,Bristol,Robert Marshall,"Large Flavoured latte - Hazelnut - 2.85, Regular Flavoured latte - Hazelnut - 2.55, Regular Flavoured latte - Hazelnut - 2.55, Regular Flavoured iced latte - Caramel - 2.75, Regular Flavoured iced latte - Caramel - 2.75",13.45,CARD,8448990141452650
18/12/2024 12:15,Bristol,Edgar Brown,"Large Flavoured latte - Hazelnut - 2.85, Large Flavoured iced latte - Caramel - 3.25",6.1,CARD,9534542633879650
18/12/2024 12:30,Bristol,Julie Winchell,"Regular Flavoured iced latte - Caramel - 2.75, Regular Flavoured iced latte - Caramel - 2.75, Regular Flavoured latte - Hazelnut - 2.55, Regular Flavoured latte - Hazelnut - 2.55",10.6,CARD,3696165437029803
18/12/2024 12:45,Bristol,Natalie Harrington,Regular Flavoured latte - Hazelnut - 2.55,2.55,CASH,
18/12/2024 13:00,Bristol,Lawrence Kirk,"Regular Flavoured latte - Hazelnut - 2.55, Regular Flavoured iced latte - Caramel - 2.75, Regular Flavoured latte - Hazelnut - 2.55, Large Flavoured iced latte - Caramel - 3.25, Large Flavoured latte - Hazelnut - 2.85, Regular Flavoured iced latte - Caramel - 2.75",16.7,CASH,
18/12/2024 13:02,Bristol,Eugene Garcia,Large Flavoured iced latte - Caramel - 3.25,3.25,CARD,7740676760377519
18/12/2024 13:05,Bristol,Stephen King,"Regular Flavoured latte - Hazelnut - 2.55, Large Flavoured latte - Hazelnut - 2.85, Regular Flavoured iced latte - Caramel - 2.75",8.15,CARD,7502345088019033
18/12/2024 13:08,Bristol,Rudolph Farrell,"Large Flavoured iced latte - Caramel - 3.25, Regular Flavoured iced latte - Caramel - 2.75, Large Flavoured iced latte - Caramel - 3.25, Large Flavoured iced latte - Caramel - 3.25",12.5,CARD,7967606661853304
18/12/2024 13:10,Bristol,Sam Griffin,"Large Flavoured latte - Hazelnut - 2.85, Large Flavoured iced latte - Caramel - 3.25, Regular Flavoured latte - Hazelnut - 2.55, Regular Flavoured iced latte - Caramel - 2.75",11.4,CASH,
18/12/2024 13:13,Bristol,William Williams,"Large Flavoured iced latte - Caramel - 3.25, Regular Flavoured iced latte - Caramel - 2.75, Regular Flavoured latte - Hazelnut - 2.55, Large Flavoured latte - Hazelnut - 2.85, Large Flavoured iced latte - Caramel - 3.25",14.65,CASH,
18/12/2024 13:15,Bristol,Larry Davidson,"Regular Flavoured iced latte - Caramel - 2.75, Large Flavoured latte - Hazelnut - 2.85, Large Flavoured latte - Hazelnut - 2.85, Regular Flavoured latte - Hazelnut - 2.55",11.0,CARD,5445665253619770
18/12/2024 13:18,Bristol,Angela Mathis,"Large Flavoured iced latte - Caramel - 3.25, Regular Flavoured iced latte - Caramel - 2.75, Large Flavoured iced latte - Caramel - 3.25, Large Flavoured iced latte - Caramel - 3.25, Large Flavoured latte - Hazelnut - 2.85, Large Flavoured latte - Hazelnut - 2.85",18.2,CARD,5074050383631670
18/12/2024 13:21,Bristol,Ricardo Ranieri,"Large Flavoured latte - Hazelnut - 2.85, Regular Flavoured latte - Hazelnut - 2.55, Large Flavoured latte - Hazelnut - 2.85, Regular Flavoured iced latte - Caramel - 2.75, Large Flavoured iced latte - Caramel - 3.25",14.25,CASH,
18/12/2024 13:23,Bristol,Wanda Lewis,"Large Flavoured iced latte - Caramel - 3.25, Regular Flavoured latte - Hazelnut - 2.55",5.8,CASH,
18/12/2024 13:26,Bristol,Ricky Dahlberg,"Large Flavoured latte - Hazelnut - 2.85, Regular Flavoured latte - Hazelnut - 2.55",5.4,CARD,1210234707074019
18/12/2024 13:28,Bristol,Zachary Morgan,"Regular Flavoured iced latte - Caramel - 2.75, Large Flavoured latte - Hazelnut - 2.85",5.6,CARD,6394997095927693
18/12/2024 13:31,Bristol,Carol Lamons,"Regular Flavoured iced latte - Caramel - 2.75, Regular Flavoured iced latte - Caramel - 2.75",5.5,CARD,6264763311279566
18/12/2024 13:34,Bristol,Alvina Lietzke,Large Flavoured iced latte - Caramel - 3.25,3.25,CARD,8036605483219295
18/12/2024 13:36,Bristol,Billy Lott,"Large Flavoured latte - Hazelnut - 2.85, Large Flavoured latte - Hazelnut - 2.85",5.7,CARD,9943910123969269
18/12/2024 13:39,Bristol,Latasha Sykes,"Regular Flavoured iced latte - Caramel - 2.75, Large Flavoured latte - Hazelnut - 2.85, Regular Flavoured iced latte - Caramel - 2.75, Regular Flavoured latte - Hazelnut - 2.55, Large Flavoured latte - Hazelnut - 2.85",13.75,CARD,6913573582950241
18/12/2024 13:41,Bristol,Connie Bowling,Regular Flavoured iced latte - Caramel - 2.75,2.75,CASH,
18/12/2024 13:44,Bristol,Gary Stewart,Regular Flavoured latte - Hazelnut - 2.55,2.55,CARD,1695367042796489
18/12/2024 13:47,Bristol,Brandon Ebinger,Large Flavoured iced latte - Caramel - 3.25,3.25,CASH,
18/12/2024 13:49,Bristol,Elise Bascom,"Regular Flavoured iced latte - Caramel - 2.75, Large Flavoured iced latte - Caramel - 3.25, Regular Flavoured iced latte - Caramel - 2.75, Large Flavoured iced latte - Caramel - 3.25, Regular Flavoured iced latte - Caramel - 2.75",14.75,CARD,8004488399206495
18/12/2024 13:52,Bristol,Marion Allen,"Large Flavoured iced latte - Caramel - 3.25, Regular Flavoured iced latte - Caramel - 2.75, Large Flavoured latte - Hazelnut - 2.85, Regular Flavoured iced latte - Caramel - 2.75",11.6,CARD,8686914836862079
18/12/2024 13:54,Bristol,Mario Parker,"Large Flavoured iced latte - Caramel - 3.25, Regular Flavoured latte - Hazelnut - 2.55, Regular Flavoured latte - Hazelnut - 2.55",8.35,CARD,6589390911989885
18/12/2024 13:57,Bristol,Scarlett Gordon,"Large Flavoured latte - Hazelnut - 2.85, Regular Flavoured latte - Hazelnut - 2.55",5.4,CARD,4544496214558964
18/12/2024 14:00,Bristol,Beverly Townsend,Regular Flavoured latte - Hazelnut - 2.55,2.55,CARD,2477087265803991
18/12/2024 14:01,Bristol,Richard Labrum,Regular Flavoured latte - Hazelnut - 2.55,2.55,CASH,
18/12/2024 14:03,Bristol,Jeanna Kerr,Large Flavoured iced latte - Caramel - 3.25,3.25,CARD,4007360068508388
18/12/2024 14:05,Bristol,Fred Morgan,"Large Flavoured iced latte - Caramel - 3.25, Regular Flavoured latte - Hazelnut - 2.55, Regular Flavoured iced latte - Caramel - 2.75, Large Flavoured iced latte - Caramel - 3.25",11.8,CASH,
18/12/2024 14:07,Bristol,Sarah Ellis,Large Flavoured iced latte - Caramel - 3.25,3.25,CARD,5864844310603730
18/12/2024 14:08,Bristol,Max Thompson,"Large Flavoured latte - Hazelnut - 2.85, Regular Flavoured iced latte - Caramel - 2.75",5.6,CASH,
18/12/2024 14:10,Bristol,Barbara Engel,Large Flavoured latte - Hazelnut - 2.85,2.85,CARD,8707374751942974
18/12/2024 14:12,Bristol,Joseph Porter,"Regular Flavoured latte - Hazelnut - 2.55, Regular Flavoured latte - Hazelnut - 2.55",5.1,CASH,
18/12/2024 14:14,Bristol,Eustolia Briggs,"Large Flavoured iced latte - Caramel - 3.25, Regular Flavoured latte - Hazelnut - 2.55, Large Flavoured iced latte - Caramel - 3.25",9.05,CASH,
18/12/2024 14:15,Bristol,Virginia Robin,Large Flavoured iced latte - Caramel - 3.25,3.25,CASH,
18/12/2024 14:17,Bristol,Evangeline Strom,"Large Flavoured iced latte - Caramel - 3.25, Regular Flavoured latte - Hazelnut - 2.55, Regular Flavoured iced latte - Caramel - 2.75",8.55,CARD,8279447389640400
18/12/2024 14:19,Bristol,Mavis Atkins,Large Flavoured iced latte - Caramel - 3.25,3.25,CARD,7236850113327436
18/12/2024 14:21,Bristol,Joseph Orio,Regular Flavoured latte - Hazelnut - 2.55,2.55,CARD,5314535794120539
18/12/2024 14:22,Bristol,Aaron Carter,"Large Flavoured iced latte - Caramel - 3.25, Regular Flavoured latte - Hazelnut - 2.55",5.8,CASH,
18/12/2024 14:24,Bristol,Donna Andersen,"Large Flavoured latte - Hazelnut - 2.85, Large Flavoured latte - Hazelnut - 2.85, Large Flavoured latte - Hazelnut - 2.85",8.55,CASH,
18/12/2024 14:26,Bristol,Sidney Goldade,Large Flavoured latte - Hazelnut - 2.85,2.85,CARD,9520004743997529
18/12/2024 14:28,Bristol,William Davidson,"Large Flavoured iced latte - Caramel - 3.25, Large Flavoured latte - Hazelnut - 2.85, Regular Flavoured iced latte - Caramel - 2.75, Large Flavoured latte - Hazelnut - 2.85",11.7,CASH,
18/12/2024 14:30,Bristol,Velia Warden,"Regular Flavoured latte - Hazelnut - 2.55, Regular Flavoured latte - Hazelnut - 2.55, Large Flavoured latte - Hazelnut - 2.85",7.95,CASH,
18/12/2024 14:31,Bristol,Sylvia Stacy,"Large Flavoured iced latte - Caramel - 3.25, Regular Flavoured iced latte - Caramel - 2.75",6.0,CASH,
18/12/2024 14:33,Bristol,Nicholas Matheson,"Regular Flavoured latte - Hazelnut - 2.55, Regular Flavoured latte - Hazelnut - 2.55, Large Flavoured latte - Hazelnut - 2.85, Regular Flavoured latte - Hazelnut - 2.55, Large Flavoured iced latte - Caramel - 3.25, Large Flavoured latte - Hazelnut - 2.85",16.6,CASH,
18/12/2024 14:35,Bristol,Dolly Mcvicker,"Large Flavoured latte - Hazelnut - 2.85, Regular Flavoured iced latte - Caramel - 2.75, Regular Flavoured iced latte - Caramel - 2.75, Regular Flavoured iced latte - Caramel - 2.75",11.1,CASH,
18/12/2024 14:37,Bristol,Elmer Loree,"Large Flavoured latte - Hazelnut - 2.85, Large Flavoured latte - Hazelnut - 2.85, Regular Flavoured iced latte - Caramel - 2.75",8.45,CARD,3968293291722887
18/12/2024 14:38,Bristol,Casey Banks,Large Flavoured latte - Hazelnut - 2.85,2.85,CASH,
18/12/2024 14:40,Bristol,Paul Hurt,"Regular Flavoured iced latte - Caramel - 2.75, Regular Flavoured latte - Hazelnut - 2.55, Regular Flavoured iced latte - Caramel - 2.75, Large Flavoured latte - Hazelnut - 2.85",10.9,CARD,6372893078206192
18/12/2024 14:42,Bristol,Leonard Jimenez,"Regular Flavoured latte - Hazelnut - 2.55, Regular Flavoured latte - Hazelnut - 2.55",5.1,CARD,5306743393727974
18/12/2024 14:44,Bristol,Danny Johnson,"Regular Flavoured latte - Hazelnut - 2.55, Regular Flavoured iced latte - Caramel - 2.75, Large Flavoured iced latte - Caramel - 3.25",8.55,CASH,
18/12/2024 14:45,Bristol,Ross Conn,"Large Flavoured iced latte - Caramel - 3.25, Regular Flavoured iced latte - Caramel - 2.75, Large Flavoured latte - Hazelnut - 2.85, Regular Flavoured iced latte - Caramel - 2.75, Regular Flavoured latte - Hazelnut - 2.55, Large Flavoured iced latte - Caramel - 3.25",17.4,CARD,1082378452084049
18/12/2024 14:47,Bristol,Lacey Gentsy,"Large Flavoured latte - Hazelnut - 2.85, Regular Flavoured latte - Hazelnut - 2.55, Regular Flavoured latte - Hazelnut - 2.55, Regular Flavoured latte - Hazelnut - 2.55",10.5,CARD,5620984854982805
18/12/2024 14:49,Bristol,Stephen Carillo,"Regular Flavoured latte - Hazelnut - 2.55, Large Flavoured latte - Hazelnut - 2.85",5.4,CARD,7607222340654532
18/12/2024 14:51,Bristol,Eric Detrick,"Large Flavoured iced latte - Caramel - 3.25, Large Flavoured iced latte - Caramel - 3.25, Regular Flavoured iced latte - Caramel - 2.75, Regular Flavoured latte - Hazelnut - 2.55, Regular Flavoured latte - Hazelnut - 2.55",14.35,CARD,7062708118264864
18/12/2024 14:52,Bristol,Ruth Chavira,"Regular Flavoured iced latte - Caramel - 2.75, Large Flavoured latte - Hazelnut - 2.85, Large Flavoured latte - Hazelnut - 2.85, Large Flavoured iced latte - Caramel - 3.25",11.7,CARD,1812277632836683
18/12/2024 14:54,Bristol,James Sheffield,"Regular Flavoured latte - Hazelnut - 2.55, Regular Flavoured latte - Hazelnut - 2.55, Regular Flavoured iced latte - Caramel - 2.75",7.85,CARD,8039009984634079
18/12/2024 14:56,Bristol,Floyd Gannon,"Large Flavoured latte - Hazelnut - 2.85, Regular Flavoured latte - Hazelnut - 2.55, Large Flavoured iced latte - Caramel - 3.25",8.65,CARD,4166278843535695
18/12/2024 14:58,Bristol,Terry Adams,"Large Flavoured latte - Hazelnut - 2.85, Regular Flavoured iced latte - Caramel - 2.75, Regular Flavoured iced latte - Caramel - 2.75, Regular Flavoured latte - Hazelnut - 2.55",10.9,CARD,5552513493675140
18/12/2024 14:59,Bristol,Suk Brown,"Regular Flavoured latte - Hazelnut - 2.55, Regular Flavoured latte - Hazelnut - 2.55",5.1,CARD,8666239919256103
18/12/2024 15:01,Bristol,William Clark,"Large Flavoured iced latte - Caramel - 3.25, Regular Flavoured latte - Hazelnut - 2.55, Regular Flavoured latte - Hazelnut - 2.55, Regular Flavoured iced latte - Caramel - 2.75",11.1,CARD,7392672322353113
18/12/2024 15:03,Bristol,James Bolduc,Regular Flavoured latte - Hazelnut - 2.55,2.55,CARD,8514043838799695
18/12/2024 15:05,Bristol,Ryan Canter,"Large Flavoured latte - Hazelnut - 2.85, Large Flavoured latte - Hazelnut - 2.85, Large Flavoured latte - Hazelnut - 2.85, Large Flavoured latte - Hazelnut - 2.85, Regular Flavoured iced latte - Caramel - 2.75",14.15,CASH,
18/12/2024 15:07,Bristol,Kristin Spivey,"Large Flavoured iced latte - Caramel - 3.25, Regular Flavoured latte - Hazelnut - 2.55",5.8,CASH,
18/12/2024 15:09,Bristol,Betty Jones,"Regular Flavoured latte - Hazelnut - 2.55, Large Flavoured iced latte - Caramel - 3.25",5.8,CASH,
18/12/2024 15:11,Bristol,James Oliver,Large Flavoured latte - Hazelnut - 2.85,2.85,CARD,2768845261462233
18/12/2024 15:13,Bristol,Joseph Jackson,Large Flavoured iced latte - Caramel - 3.25,3.25,CARD,1666764950675698
18/12/2024 15:15,Bristol,Lauren Crowley,"Large Flavoured latte - Hazelnut - 2.85, Regular Flavoured latte - Hazelnut - 2.55",5.4,CARD,7164572457699751
18/12/2024 15:17,Bristol,Joshua Powless,"Large Flavoured latte - Hazelnut - 2.85, Large Flavoured latte - Hazelnut - 2.85, Regular Flavoured latte - Hazelnut - 2.55, Regular Flavoured latte - Hazelnut - 2.55",10.8,CASH,
18/12/2024 15:19,Bristol,Kenneth Colbert,"Large Flavoured latte - Hazelnut - 2.85, Large Flavoured iced latte - Caramel - 3.25, Large Flavoured latte - Hazelnut - 2.85, Regular Flavoured latte - Hazelnut - 2.55",11.5,CASH,
18/12/2024 15:21,Bristol,Irene Rhoades,"Large Flavoured latte - Hazelnut - 2.85, Regular Flavoured iced latte - Caramel - 2.75, Regular Flavoured iced latte - Caramel - 2.75, Large Flavoured iced latte - Caramel - 3.25",11.6,CASH,
18/12/2024 15:22,Bristol,Warren Lane,"Regular Flavoured iced latte - Caramel - 2.75, Regular Flavoured iced latte - Caramel - 2.75, Regular Flavoured iced latte - Caramel - 2.75, Large Flavoured iced latte - Caramel - 3.25, Regular Flavoured latte - Hazelnut - 2.55",14.05,CASH,
18/12/2024 15:24,Bristol,Julian Do,"Large Flavoured iced latte - Caramel - 3.25, Regular Flavoured latte - Hazelnut - 2.55",5.8,CARD,8877002049447174
18/12/2024 15:26,Bristol,Nan Schuch,"Regular Flavoured iced latte - Caramel - 2.75, Large Flavoured latte - Hazelnut - 2.85",5.6,CARD,6426198126160637
18/12/2024 15:28,Bristol,David Foster,"Large Flavoured iced latte - Caramel - 3.25, Regular Flavoured iced latte - Caramel - 2.75",6.0,CARD,9380415876255781
18/12/2024 15:30,Bristol,Lee Grossman,"Regular Flavoured latte - Hazelnut - 2.55, Regular Flavoured iced latte - Caramel - 2.75, Regular Flavoured latte - Hazelnut - 2.55, Large Flavoured latte - Hazelnut - 2.85, Regular Flavoured iced latte - Caramel - 2.75, Large Flavoured latte - Hazelnut - 2.85",16.3,CASH,
18/12/2024 15:32,Bristol,Kelly Bernard,"Large Flavoured iced latte - Caramel - 3.25, Regular Flavoured latte - Hazelnut - 2.55, Regular Flavoured iced latte - Caramel - 2.75",8.55,CARD,7310513444438607
18/12/2024 15:34,Bristol,Franklin Emerson,"Regular Flavoured iced latte - Caramel - 2.75, Large Flavoured iced latte - Caramel - 3.25",6.0,CARD,8633755259812720
18/12/2024 15:36,Bristol,Ginette Jackson,"Regular Flavoured iced latte - Caramel - 2.75, Regular Flavoured latte - Hazelnut - 2.55",5.3,CARD,6931453332908885
18/12/2024 15:38,Bristol,Mario Whorley,"Regular Flavoured iced latte - Caramel - 2.75, Regular Flavoured iced latte - Caramel - 2.75",5.5,CASH,
18/12/2024 15:40,Bristol,Ann Vanwoert,"Regular Flavoured iced latte - Caramel - 2.75, Regular Flavoured iced latte - Caramel - 2.75",5.5,CARD,1053658204754787
18/12/2024 15:42,Bristol,Marcus Johnson,"Regular Flavoured iced latte - Caramel - 2.75, Large Flavoured latte - Hazelnut - 2.85, Regular Flavoured latte - Hazelnut - 2.55, Regular Flavoured latte - Hazelnut - 2.55",10.7,CARD,5806338022560873
18/12/2024 15:44,Bristol,Billy Borders,"Large Flavoured latte - Hazelnut - 2.85, Large Flavoured latte - Hazelnut - 2.85, Regular Flavoured latte - Hazelnut - 2.55, Regular Flavoured iced latte - Caramel - 2.75, Large Flavoured latte - Hazelnut - 2.85, Regular Flavoured latte - Hazelnut - 2.55",16.4,CARD,7815320870943795
18/12/2024 15:46,Bristol,Cynthia Ramos,"Regular Flavoured latte - Hazelnut - 2.55, Regular Flavoured iced latte - Caramel - 2.75, Regular Flavoured latte - Hazelnut - 2.55, Large Flavoured latte - Hazelnut - 2.85",10.7,CARD,2830644545608723
18/12/2024 15:48,Bristol,Sheila Hurd,"Regular Flavoured latte - Hazelnut - 2.55, Large Flavoured latte - Hazelnut - 2.85",5.4,CARD,2860505853148468
18/12/2024 15:50,Bristol,Linda Armenta,Large Flavoured iced latte - Caramel - 3.25,3.25,CASH,
18/12/2024 15:51,Bristol,Peter Radford,Large Flavoured latte - Hazelnut - 2.85,2.85,CARD,8060576988065474
18/12/2024 15:53,Bristol,Thomas Raymo,Large Flavoured latte - Hazelnut - 2.85,2.85,CASH,
18/12/2024 15:55,Bristol,David Rodriguez,"Regular Flavoured iced latte - Caramel - 2.75, Large Flavoured latte - Hazelnut - 2.85, Large Flavoured iced latte - Caramel - 3.25, Large Flavoured iced latte - Caramel - 3.25, Large Flavoured latte - Hazelnut - 2.85",14.95,CASH,
18/12/2024 15:57,Bristol,Michelle Homma,"Regular Flavoured iced latte - Caramel - 2.75, Large Flavoured iced latte - Caramel - 3.25, Regular Flavoured iced latte - Caramel - 2.75, Regular Flavoured latte - Hazelnut - 2.55, Regular Flavoured iced latte - Caramel - 2.75, Large Flavoured latte - Hazelnut - 2.85",16.9,CARD,2761607286613652
18/12/2024 15:59,Bristol,Marlon Odonnell,"Regular Flavoured iced latte - Caramel - 2.75, Regular Flavoured latte - Hazelnut - 2.55, Regular Flavoured latte - Hazelnut - 2.55",7.85,CARD,5178185259610057
18/12/2024 16:01,Bristol,Benjamin Simpson,Large Flavoured iced latte - Caramel - 3.25,3.25,CASH,
18/12/2024 16:05,Bristol,Ann Penley,"Large Flavoured latte - Hazelnut - 2.85, Large Flavoured latte - Hazelnut - 2.85",5.7,CARD,3809476718510370
18/12/2024 16:08,Bristol,Shirley Villalobos,"Regular Flavoured iced latte - Caramel - 2.75, Regular Flavoured latte - Hazelnut - 2.55",5.3,CARD,6502286723453862
18/12/2024 16:12,Bristol,Ronald Jones,"Large Flavoured latte - Hazelnut - 2.85, Large Flavoured latte - Hazelnut - 2.85, Large Flavoured latte - Hazelnut - 2.85, Large Flavoured iced latte - Caramel - 3.25, Large Flavoured latte - Hazelnut - 2.85",14.65,CARD,4527385499531159
18/12/2024 16:15,Bristol,Kyle Ran,Regular Flavoured iced latte - Caramel - 2.75,2.75,CARD,5386169970620772
18/12/2024 16:19,Bristol,Tami Davis,Regular Flavoured iced latte - Caramel - 2.75,2.75,CARD,7256273086166021
18/12/2024 16:22,Bristol,Scott Moore,"Large Flavoured latte - Hazelnut - 2.85, Regular Flavoured latte - Hazelnut - 2.55, Large Flavoured iced latte - Caramel - 3.25, Regular Flavoured iced latte - Caramel - 2.75",11.4,CARD,1552620229011450
18/12/2024 16:26,Bristol,Ronald Abruzzino,Regular Flavoured iced latte - Caramel - 2.75,2.75,CASH,
18/12/2024 16:29,Bristol,Von Browne,"Large Flavoured latte - Hazelnut - 2.85, Regular Flavoured latte - Hazelnut - 2.55",5.4,CASH,
18/12/2024 16:33,Bristol,Jennifer Cook,"Regular Flavoured iced latte - Caramel - 2.75, Large Flavoured iced latte - Caramel - 3.25, Large Flavoured latte - Hazelnut - 2.85, Regular Flavoured latte - Hazelnut - 2.55, Regular Flavoured latte - Hazelnut - 2.55",13.95,CARD,1880084859868711
18/12/2024 16:36,Bristol,Monica Holmes,"Large Flavoured iced latte - Caramel - 3.25, Large Flavoured latte - Hazelnut - 2.85",6.1,CARD,4555787860032303
18/12/2024 16:40,Bristol,Lindsey Pilling,Large Flavoured latte - Hazelnut - 2.85,2.85,CARD,2613639348024718
18/12/2024 16:43,Bristol,Darryl Cassella,Large Flavoured latte - Hazelnut - 2.85,2.85,CASH,
18/12/2024 16:47,Bristol,Marsha Burke,"Large Flavoured iced latte - Caramel - 3.25, Large Flavoured iced latte - Caramel - 3.25",6.5,CARD,2326928992097193
18/12/2024 16:50,Bristol,Armando Turner,"Regular Flavoured iced latte - Caramel - 2.75, Large Flavoured latte - Hazelnut - 2.85, Large Flavoured latte - Hazelnut - 2.85, Regular Flavoured iced latte - Caramel - 2.75, Large Flavoured iced latte - Caramel - 3.25",14.45,CARD,2600704540315105
18/12/2024 16:54,Bristol,Aron Gleason,"Regular Flavoured latte - Hazelnut - 2.55, Large Flavoured iced latte - Caramel - 3.25, Regular Flavoured latte - Hazelnut - 2.55",8.35,CASH,
18/12/2024 16:57,Bristol,Rose Greis,"Regular Flavoured iced latte - Caramel - 2.75, Large Flavoured iced latte - Caramel - 3.25, Large Flavoured latte - Hazelnut - 2.85",8.85,CASH,
18/12/2024 17:01,Bristol,Marilyn Duncan,"Large Flavoured iced latte - Caramel - 3.25, Large Flavoured iced latte - Caramel - 3.25, Large Flavoured iced latte - Caramel - 3.25, Large Flavoured iced latte - Caramel - 3.25, Large Flavoured iced latte - Caramel - 3.25",16.25,CARD,2488525742739341
18/12/2024 17:04,Bristol,Tabatha Mcraney,Large Flavoured latte - Hazelnut - 2.85,2.85,CASH,
18/12/2024 17:07,Bristol,David Carper,Large Flavoured iced latte - Caramel - 3.25,3.25,CARD,6844225850123815
18/12/2024 17:10,Bristol,Sophia Thompson,"Large Flavoured iced latte - Caramel - 3.25, Regular Flavoured iced latte - Caramel - 2.75, Large Flavoured latte - Hazelnut - 2.85, Large Flavoured latte - Hazelnut - 2.85, Large Flavoured iced latte - Caramel - 3.25",14.95,CARD,8635031458377114
18/12/2024 17:14,Bristol,Paul Forsberg,"Large Flavoured iced latte - Caramel - 3.25, Large Flavoured latte - Hazelnut - 2.85, Large Flavoured iced latte - Caramel - 3.25",9.35,CARD,9468055170130965
18/12/2024 17:17,Bristol,Shanon Turnbow,"Large Flavoured latte - Hazelnut - 2.85, Large Flavoured iced latte - Caramel - 3.25, Regular Flavoured iced latte - Caramel - 2.75, Regular Flavoured latte - Hazelnut - 2.55",11.4,CASH,
18/12/2024 17:20,Bristol,Arturo Coffey,"Regular Flavoured iced latte - Caramel - 2.75, Large Flavoured iced latte - Caramel - 3.25, Regular Flavoured latte - Hazelnut - 2.55",8.55,CARD,5722976453455945
18/12/2024 17:23,Bristol,Gertrude Stollings,"Large Flavoured latte - Hazelnut - 2.85, Regular Flavoured iced latte - Caramel - 2.75, Regular Flavoured latte - Hazelnut - 2.55, Large Flavoured latte - Hazelnut - 2.85, Regular Flavoured iced latte - Caramel - 2.75",13.75,CARD,7638102422132079
18/12/2024 17:26,Bristol,Genevieve Kanemoto,"Regular Flavoured latte - Hazelnut - 2.55, Regular Flavoured latte - Hazelnut - 2.55, Large Flavoured latte - Hazelnut - 2.85, Large Flavoured iced latte - Caramel - 3.25",11.2,CARD,8397619056470219
18/12/2024 17:29,Bristol,Nick Ellis,"Regular Flavoured iced latte - Caramel - 2.75, Large Flavoured iced latte - Caramel - 3.25",6.0,CARD,4985466250773918
18/12/2024 17:32,Bristol,Mark Rodriguez,"Large Flavoured iced latte - Caramel - 3.25, Large Flavoured latte - Hazelnut - 2.85, Large Flavoured iced latte - Caramel - 3.25",9.35,CARD,1934459511198118
18/12/2024 17:36,Bristol,Daniela Parmer,"Regular Flavoured iced latte - Caramel - 2.75, Large Flavoured iced latte - Caramel - 3.25, Regular Flavoured iced latte - Caramel - 2.75, Large Flavoured latte - Hazelnut - 2.85",11.6,CASH,
18/12/2024 17:39,Bristol,Sonya Murray,"Regular Flavoured iced latte - Caramel - 2.75, Large Flavoured iced latte - Caramel - 3.25, Large Flavoured iced latte - Caramel - 3.25",9.25,CARD,7187430625585055
18/12/2024 17:42,Bristol,Patricia Boos,Large Flavoured latte - Hazelnut - 2.85,2.85,CARD,6528884370669947
18/12/2024 17:45,Bristol,Geralyn Danger,"Regular Flavoured latte - Hazelnut - 2.55, Large Flavoured latte - Hazelnut - 2.85, Large Flavoured iced latte - Caramel - 3.25",8.65,CASH,
18/12/2024 17:48,Bristol,Leon Jones,"Large Flavoured latte - Hazelnut - 2.85, Regular Flavoured iced latte - Caramel - 2.75, Regular Flavoured iced latte - Caramel - 2.75",8.35,CARD,1322340518724627
18/12/2024 17:51,Bristol,Harriet Sommers,"Large Flavoured latte - Hazelnut - 2.85, Regular Flavoured iced latte - Caramel - 2.75, Large Flavoured iced latte - Caramel - 3.25, Regular Flavoured latte - Hazelnut - 2.55",11.4,CASH,
18/12/2024 17:54,Bristol,Betty Barnes,"Regular Flavoured latte - Hazelnut - 2.55, Regular Flavoured iced latte - Caramel - 2.75, Large Flavoured iced latte - Caramel - 3.25, Regular Flavoured iced latte - Caramel - 2.75, Large Flavoured latte - Hazelnut - 2.85, Regular Flavoured iced latte - Caramel - 2.75",16.9,CASH,
18/12/2024 17:58,Bristol,Ann Lynn,"Large Flavoured latte - Hazelnut - 2.85, Large Flavoured iced latte - Caramel - 3.25",6.1,CARD,7307955691921626
18/12/2024 18:01,Bristol,Peter Steiger,"Large Flavoured latte - Hazelnut - 2.85, Large Flavoured iced latte - Caramel - 3.25, Regular Flavoured iced latte - Caramel - 2.75",8.85,CARD,4150482396465797
18/12/2024 18:02,Bristol,Christopher Williams,"Large Flavoured iced latte - Caramel - 3.25, Regular Flavoured iced latte - Caramel - 2.75",6.0,CARD,1922302496882296
18/12/2024 18:03,Bristol,Marion Knapp,"Large Flavoured latte - Hazelnut - 2.85, Regular Flavoured iced latte - Caramel - 2.75, Regular Flavoured latte - Hazelnut - 2.55, Regular Flavoured latte - Hazelnut - 2.55",10.7,CASH,
18/12/2024 18:04,Bristol,Antonio Pinilla,"Large Flavoured iced latte - Caramel - 3.25, Large Flavoured latte - Hazelnut - 2.85, Large Flavoured iced latte - Caramel - 3.25, Regular Flavoured latte - Hazelnut - 2.55, Regular Flavoured iced latte - Caramel - 2.75, Large Flavoured latte - Hazelnut - 2.85",17.5,CARD,7982504304839803
18/12/2024 18:06,Bristol,Candice Bertholf,Large Flavoured iced latte - Caramel - 3.25,3.25,CARD,1633182530614006
18/12/2024 18:07,Bristol,Veronica Price,"Regular Flavoured latte - Hazelnut - 2.55, Regular Flavoured iced latte - Caramel - 2.75, Large Flavoured latte - Hazelnut - 2.85, Regular Flavoured latte - Hazelnut - 2.55",10.7,CARD,3060179733355090
18/12/2024 18:08,Bristol,Adrienne Lamb,"Large Flavoured latte - Hazelnut - 2.85, Large Flavoured latte - Hazelnut - 2.85, Regular Flavoured iced latte - Caramel - 2.75",8.45,CASH,
18/12/2024 18:09,Bristol,Denise Mclean,"Large Flavoured iced latte - Caramel - 3.25, Regular Flavoured latte - Hazelnut - 2.55",5.8,CARD,1655168997655422
18/12/2024 18:10,Bristol,Linda Hunt,"Large Flavoured latte - Hazelnut - 2.85, Regular Flavoured latte - Hazelnut - 2.55",5.4,CARD,3704351215837635
18/12/2024 18:12,Bristol,Mary Vandyke,"Large Flavoured latte - Hazelnut - 2.85, Large Flavoured latte - Hazelnut - 2.85, Regular Flavoured iced latte - Caramel - 2.75, Regular Flavoured iced latte - Caramel - 2.75",11.2,CARD,6849362251436783
18/12/2024 18:13,Bristol,Debra Kless,Large Flavoured latte - Hazelnut - 2.85,2.85,CARD,8561752224372619
18/12/2024 18:14,Bristol,Patrick Roberson,Large Flavoured latte - Hazelnut - 2.85,2.85,CARD,9257983971875474
18/12/2024 18:15,Bristol,Edward Hedgepeth,"Large Flavoured latte - Hazelnut - 2.85, Large Flavoured latte - Hazelnut - 2.85, Regular Flavoured latte - Hazelnut - 2.55, Regular Flavoured iced latte - Caramel - 2.75",11.0,CASH,
18/12/2024 18:17,Bristol,Lois Miller,"Large Flavoured iced latte - Caramel - 3.25, Large Flavoured latte - Hazelnut - 2.85, Regular Flavoured latte - Hazelnut - 2.55, Regular Flavoured latte - Hazelnut - 2.55",11.2,CARD,6684216420658387
18/12/2024 18:18,Bristol,Robert Dennison,"Regular Flavoured iced latte - Caramel - 2.75, Regular Flavoured iced latte - Caramel - 2.75, Large Flavoured iced latte - Caramel - 3.25",8.75,CARD,9831212066271048
18/12/2024 18:19,Bristol,Lloyd Brown,"Large Flavoured iced latte - Caramel - 3.25, Regular Flavoured latte - Hazelnut - 2.55, Large Flavoured latte - Hazelnut - 2.85, Regular Flavoured iced latte - Caramel - 2.75, Large Flavoured iced latte - Caramel - 3.25",14.65,CARD,1817096654419448
18/12/2024 18:20,Bristol,Lori Mckeever,"Large Flavoured iced latte - Caramel - 3.25, Regular Flavoured latte - Hazelnut - 2.55, Large Flavoured iced latte - Caramel - 3.25, Regular Flavoured latte - Hazelnut - 2.55",11.6,CASH,
18/12/2024 18:21,Bristol,Carl Crimi,"Regular Flavoured latte - Hazelnut - 2.55, Regular Flavoured latte - Hazelnut - 2.55",5.1,CARD,2574069051199423
18/12/2024 18:23,Bristol,Richard Wolfrum,Large Flavoured iced latte - Caramel - 3.25,3.25,CASH,
18/12/2024 18:24,Bristol,Richard Capron,Regular Flavoured latte - Hazelnut - 2.55,2.55,CARD,8778130086031474
18/12/2024 18:25,Bristol,Sheldon Wiseman,Regular Flavoured iced latte - Caramel - 2.75,2.75,CASH,
18/12/2024 18:26,Bristol,Jennifer Mirando,Large Flavoured latte - Hazelnut - 2.85,2.85,CARD,7987462319645719
18/12/2024 18:28,Bristol,David Waldron,"Regular Flavoured iced latte - Caramel - 2.75, Regular Flavoured latte - Hazelnut - 2.55, Regular Flavoured latte - Hazelnut - 2.55, Large Flavoured iced latte - Caramel - 3.25",11.1,CARD,6647246703171591
18/12/2024 18:29,Bristol,Mary Hill,"Large Flavoured latte - Hazelnut - 2.85, Regular Flavoured iced latte - Caramel - 2.75",5.6,CARD,6327060182710164
18/12/2024 18:30,Bristol,Ethel Williams,"Large Flavoured iced latte - Caramel - 3.25, Large Flavoured iced latte - Caramel - 3.25, Regular Flavoured latte - Hazelnut - 2.55, Large Flavoured latte - Hazelnut - 2.85, Regular Flavoured iced latte - Caramel - 2.75",14.65,CARD,4514542414293490
18/12/2024 18:31,Bristol,Ann Adams,"Regular Flavoured iced latte - Caramel - 2.75, Regular Flavoured iced latte - Caramel - 2.75, Large Flavoured latte - Hazelnut - 2.85, Regular Flavoured latte - Hazelnut - 2.55, Large Flavoured iced latte - Caramel - 3.25",14.15,CASH,
18/12/2024 18:32,Bristol,Helene Routt,"Regular Flavoured latte - Hazelnut - 2.55, Large Flavoured iced latte - Caramel - 3.25, Regular Flavoured latte - Hazelnut - 2.55, Regular Flavoured latte - Hazelnut - 2.55, Regular Flavoured latte - Hazelnut - 2.55, Large Flavoured latte - Hazelnut - 2.85",16.3,CARD,8679230196557242
18/12/2024 18:34,Bristol,Tamara Perez,"Regular Flavoured latte - Hazelnut - 2.55, Large Flavoured latte - Hazelnut - 2.85, Large Flavoured iced latte - Caramel - 3.25, Large Flavoured latte - Hazelnut - 2.85, Regular Flavoured latte - Hazelnut - 2.55",14.05,CARD,8883767693929978
18/12/2024 18:35,Bristol,Judith Howard,"Regular Flavoured latte - Hazelnut - 2.55, Large Flavoured latte - Hazelnut - 2.85",5.4,CASH,
18/12/2024 18:36,Bristol,Juanita Post,"Large Flavoured iced latte - Caramel - 3.25, Regular Flavoured iced latte - Caramel - 2.75, Large Flavoured iced latte - Caramel - 3.25, Large Flavoured latte - Hazelnut - 2.85",12.1,CASH,
18/12/2024 18:37,Bristol,Micheal Mendelson,"Regular Flavoured iced latte - Caramel - 2.75, Large Flavoured latte - Hazelnut - 2.85",5.6,CASH,
18/12/2024 18:38,Bristol,Julie Thomas,Large Flavoured latte - Hazelnut - 2.85,2.85,CASH,
18/12/2024 18:40,Bristol,Jose Rivera,Regular Flavoured iced latte - Caramel - 2.75,2.75,CARD,1966382821951730
18/12/2024 18:41,Bristol,David Butler,"Large Flavoured iced latte - Caramel - 3.25, Large Flavoured iced latte - Caramel - 3.25, Large Flavoured iced latte - Caramel - 3.25",9.75,CARD,7771504155741345
18/12/2024 18:42,Bristol,Marilyn Aiton,"Large Flavoured iced latte - Caramel - 3.25, Regular Flavoured iced latte - Caramel - 2.75",6.0,CARD,2805832774338774
18/12/2024 18:43,Bristol,Matthew Gregg,"Regular Flavoured latte - Hazelnut - 2.55, Regular Flavoured iced latte - Caramel - 2.75, Regular Flavoured iced latte - Caramel - 2.75, Regular Flavoured iced latte - Caramel - 2.75",10.8,CARD,1175732095850086
18/12/2024 18:45,Bristol,George Langham,Large Flavoured iced latte - Caramel - 3.25,3.25,CARD,8537638093938784
18/12/2024 18:46,Bristol,Michael Franklin,"Large Flavoured iced latte - Caramel - 3.25, Large Flavoured iced latte - Caramel - 3.25, Large Flavoured latte - Hazelnut - 2.85, Regular Flavoured iced latte - Caramel - 2.75",12.1,CASH,
18/12/2024 18:47,Bristol,Cynthia Brown,"Large Flavoured latte - Hazelnut - 2.85, Regular Flavoured latte - Hazelnut - 2.55, Large Flavoured latte - Hazelnut - 2.85, Large Flavoured latte - Hazelnut - 2.85",11.1,CASH,
18/12/2024 18:48,Bristol,Frank Rodriguez,Regular Flavoured iced latte - Caramel - 2.75,2.75,CARD,6975601629028319
18/12/2024 18:49,Bristol,Robert Kubicek,Large Flavoured latte - Hazelnut - 2.85,2.85,CARD,4325580396920498
18/12/2024 18:51,Bristol,Catherine Schmidt,Large Flavoured iced latte - Caramel - 3.25,3.25,CARD,3603687969613957
18/12/2024 18:52,Bristol,Joan Garcia,Regular Flavoured latte - Hazelnut - 2.55,2.55,CARD,6322284701857180
18/12/2024 18:53,Bristol,Todd Salvemini,"Large Flavoured iced latte - Caramel - 3.25, Regular Flavoured latte - Hazelnut - 2.55, Regular Flavoured iced latte - Caramel - 2.75, Large Flavoured latte - Hazelnut - 2.85, Regular Flavoured iced latte - Caramel - 2.75",14.15,CARD,9358231316475111
18/12/2024 18:54,Bristol,Duane Gonzales,"Regular Flavoured latte - Hazelnut - 2.55, Regular Flavoured iced latte - Caramel - 2.75, Regular Flavoured latte - Hazelnut - 2.55, Large Flavoured latte - Hazelnut - 2.85, Regular Flavoured latte - Hazelnut - 2.55",13.25,CARD,6799939734254565
18/12/2024 18:56,Bristol,Anna Lowery,"Large Flavoured iced latte - Caramel - 3.25, Large Flavoured latte - Hazelnut - 2.85, Large Flavoured latte - Hazelnut - 2.85, Large Flavoured latte - Hazelnut - 2.85",11.8,CARD,4723374268538821
18/12/2024 18:57,Bristol,Phillip Johnson,"Large Flavoured iced latte - Caramel - 3.25, Large Flavoured iced latte - Caramel - 3.25, Large Flavoured iced latte - Caramel - 3.25, Regular Flavoured iced latte - Caramel - 2.75",12.5,CARD,7024728358201827
18/12/2024 18:58,Bristol,Idella King,"Regular Flavoured latte - Hazelnut - 2.55, Regular Flavoured latte - Hazelnut - 2.55, Large Flavoured latte - Hazelnut - 2.85",7.95,CARD,2033122096636416
18/12/2024 18:59,Bristol,Janice Cortez,"Regular Flavoured iced latte - Caramel - 2.75, Regular Flavoured latte - Hazelnut - 2.55, Large Flavoured latte - Hazelnut - 2.85, Large Flavoured iced latte - Caramel - 3.25",11.4,CASH,
18/12/2024 19:00,Bristol,Dennis Willits,"Large Flavoured iced latte - Caramel - 3.25, Regular Flavoured iced latte - Caramel - 2.75, Regular Flavoured iced latte - Caramel - 2.75, Large Flavoured iced latte - Caramel - 3.25, Large Flavoured iced latte - Caramel - 3.25",15.25,CARD,1786577951650298
18/12/2024 19:02,Bristol,Roger Hickman,Large Flavoured latte - Hazelnut - 2.85,2.85,CARD,9720359477681943
18/12/2024 19:05,Bristol,Eva Ramirez,"Regular Flavoured latte - Hazelnut - 2.55, Large Flavoured iced latte - Caramel - 3.25, Large Flavoured latte - Hazelnut - 2.85, Regular Flavoured iced latte - Caramel - 2.75",11.4,CARD,7285287675909123
18/12/2024 19:07,Bristol,Marjorie Martin,"Large Flavoured iced latte - Caramel - 3.25, Regular Flavoured latte - Hazelnut - 2.55, Large Flavoured iced latte - Caramel - 3.25, Regular Flavoured iced latte - Caramel - 2.75, Large Flavoured iced latte - Caramel - 3.25",15.05,CASH,
18/12/2024 19:09,Bristol,Etta Jones,"Regular Flavoured iced latte - Caramel - 2.75, Large Flavoured latte - Hazelnut - 2.85, Large Flavoured iced latte - Caramel - 3.25",8.85,CASH,
18/12/2024 19:11,Bristol,Albert Childs,"Regular Flavoured latte - Hazelnut - 2.55, Regular Flavoured latte - Hazelnut - 2.55",5.1,CARD,2018895493207470
18/12/2024 19:13,Bristol,Wenona Gonzalez,"Large Flavoured iced latte - Caramel - 3.25, Large Flavoured latte - Hazelnut - 2.85",6.1,CARD,9481992064765211
18/12/2024 19:15,Bristol,Stanley Peterson,"Regular Flavoured latte - Hazelnut - 2.55, Regular Flavoured latte - Hazelnut - 2.55, Large Flavoured iced latte - Caramel - 3.25",8.35,CARD,2819944909219182
18/12/2024 19:17,Bristol,Diane Stamper,"Large Flavoured latte - Hazelnut - 2.85, Regular Flavoured iced latte - Caramel - 2.75, Regular Flavoured iced latte - Caramel - 2.75, Regular Flavoured latte - Hazelnut - 2.55",10.9,CARD,7833314739688712
18/12/2024 19:19,Bristol,Shaneka Moore,"Regular Flavoured iced latte - Caramel - 2.75, Regular Flavoured latte - Hazelnut - 2.55, Large Flavoured iced latte - Caramel - 3.25",8.55,CARD,2859754271238108
18/12/2024 19:21,Bristol,Frank Bruno,Regular Flavoured iced latte - Caramel - 2.75,2.75,CASH,
18/12/2024 19:23,Bristol,Therese Harris,"Large Flavoured iced latte - Caramel - 3.25, Regular Flavoured latte - Hazelnut - 2.55, Regular Flavoured latte - Hazelnut - 2.55, Large Flavoured iced latte - Caramel - 3.25",11.6,CASH,
18/12/2024 19:25,Bristol,Daniel Williams,Regular Flavoured latte - Hazelnut - 2.55,2.55,CARD,6444637367874401
18/12/2024 19:27,Bristol,Eric Cunningham,"Large Flavoured iced latte - Caramel - 3.25, Regular Flavoured iced latte - Caramel - 2.75",6.0,CARD,4546029483506132
18/12/2024 19:29,Bristol,Norman Laflamme,"Regular Flavoured iced latte - Caramel - 2.75, Regular Flavoured iced latte - Caramel - 2.75, Large Flavoured latte - Hazelnut - 2.85, Large Flavoured iced latte - Caramel - 3.25",11.6,CASH,
18/12/2024 19:31,Bristol,John Gratton,Large Flavoured latte - Hazelnut - 2.85,2.85,CASH,
18/12/2024 19:33,Bristol,Addie Baird,Large Flavoured iced latte - Caramel - 3.25,3.25,CARD,8330781989019549
18/12/2024 19:36,Bristol,Brian Betts,"Regular Flavoured iced latte - Caramel - 2.75, Regular Flavoured iced latte - Caramel - 2.75, Large Flavoured latte - Hazelnut - 2.85",8.35,CARD,6269896922689694
18/12/2024 19:38,Bristol,Tracy Lyons,"Regular Flavoured latte - Hazelnut - 2.55, Large Flavoured latte - Hazelnut - 2.85, Large Flavoured iced latte - Caramel - 3.25, Large Flavoured iced latte - Caramel - 3.25",11.9,CASH,
18/12/2024 19:40,Bristol,Pedro Schoenthal,Large Flavoured latte - Hazelnut - 2.85,2.85,CARD,3859114656163524
18/12/2024 19:42,Bristol,Jonathan Bosserman,"Large Flavoured iced latte - Caramel - 3.25, Regular Flavoured latte - Hazelnut - 2.55, Large Flavoured iced latte - Caramel - 3.25, Large Flavoured iced latte - Caramel - 3.25, Large Flavoured iced latte - Caramel - 3.25",15.55,CASH,
18/12/2024 19:44,Bristol,Claude Thompson,"Large Flavoured latte - Hazelnut - 2.85, Large Flavoured iced latte - Caramel - 3.25, Regular Flavoured latte - Hazelnut - 2.55",8.65,CARD,2880901317509399
18/12/2024 19:46,Bristol,Ella Granger,Large Flavoured latte - Hazelnut - 2.85,2.85,CARD,9200645979523010
18/12/2024 19:48,Bristol,Doris Page,"Large Flavoured latte - Hazelnut - 2.85, Regular Flavoured latte - Hazelnut - 2.55, Regular Flavoured iced latte - Caramel - 2.75",8.15,CARD,1940129631354624
18/12/2024 19:50,Bristol,Logan Hendriks,Regular Flavoured iced latte - Caramel - 2.75,2.75,CASH,
18/12/2024 19:52,Bristol,Laura Mceachern,"Large Flavoured iced latte - Caramel - 3.25, Large Flavoured iced latte - Caramel - 3.25, Regular Flavoured latte - Hazelnut - 2.55, Regular Flavoured latte - Hazelnut - 2.55",11.6,CARD,8864447589354726
18/12/2024 19:54,Bristol,Will Gallant,Large Flavoured latte - Hazelnut - 2.85,2.85,CASH,
18/12/2024 19:56,Bristol,Curtis Haberer,"Regular Flavoured iced latte - Caramel - 2.75, Regular Flavoured latte - Hazelnut - 2.55",5.3,CARD,2580706760349959
18/12/2024 19:58,Bristol,Charlie Toney,"Regular Flavoured latte - Hazelnut - 2.55, Regular Flavoured latte - Hazelnut - 2.55",5.1,CASH,
18/12/2024 20:00,Bristol,Enrique Villasenor,"Regular Flavoured latte - Hazelnut - 2.55, Large Flavoured latte - Hazelnut - 2.85, Regular Flavoured latte - Hazelnut - 2.55",7.95,CARD,5390463117392637
18/12/2024 20:02,Bristol,William Greene,"Regular Flavoured iced latte - Caramel - 2.75, Regular Flavoured iced latte - Caramel - 2.75",5.5,CARD,9139502089376766
18/12/2024 20:04,Bristol,Ronnie Pirog,Large Flavoured latte - Hazelnut - 2.85,2.85,CASH,
18/12/2024 20:06,Bristol,Jason Brown,"Large Flavoured latte - Hazelnut - 2.85, Regular Flavoured iced latte - Caramel - 2.75, Large Flavoured latte - Hazelnut - 2.85, Large Flavoured iced latte - Caramel - 3.25",11.7,CARD,1671526310703675
18/12/2024 20:08,Bristol,Leola Lindsey,"Regular Flavoured latte - Hazelnut - 2.55, Regular Flavoured iced latte - Caramel - 2.75, Large Flavoured latte - Hazelnut - 2.85",8.15,CASH,
18/12/2024 20:10,Bristol,Wendy Monachino,"Large Flavoured iced latte - Caramel - 3.25, Large Flavoured iced latte - Caramel - 3.25, Large Flavoured iced latte - Caramel - 3.25, Regular Flavoured iced latte - Caramel - 2.75",12.5,CARD,4018512829439316
18/12/2024 20:12,Bristol,Mildred Orouke,"Large Flavoured latte - Hazelnut - 2.85, Large Flavoured iced latte - Caramel - 3.25, Regular Flavoured iced latte - Caramel - 2.75, Regular Flavoured latte - Hazelnut - 2.55",11.4,CARD,5054471963373882
18/12/2024 20:13,Bristol,Richard Howdeshell,"Large Flavoured latte - Hazelnut - 2.85, Regular Flavoured iced latte - Caramel - 2.75, Regular Flavoured iced latte - Caramel - 2.75",8.35,CASH,
18/12/2024 20:15,Bristol,Douglas Lindquist,"Regular Flavoured latte - Hazelnut - 2.55, Large Flavoured latte - Hazelnut - 2.85, Large Flavoured iced latte - Caramel - 3.25",8.65,CARD,7367485562816893
18/12/2024 20:17,Bristol,Amy Mcwayne,"Large Flavoured iced latte - Caramel - 3.25, Regular Flavoured latte - Hazelnut - 2.55, Large Flavoured iced latte - Caramel - 3.25, Regular Flavoured latte - Hazelnut - 2.55, Regular Flavoured iced latte - Caramel - 2.75, Regular Flavoured iced latte - Caramel - 2.75",17.1,CASH,
18/12/2024 20:19,Bristol,Verna Beaucage,"Regular Flavoured latte - Hazelnut - 2.55, Large Flavoured iced latte - Caramel - 3.25, Regular Flavoured latte - Hazelnut - 2.55, Regular Flavoured iced latte - Caramel - 2.75, Regular Flavoured latte - Hazelnut - 2.55",13.65,CARD,1761904370442149
18/12/2024 20:21,Bristol,Paul Goodman,Regular Flavoured iced latte - Caramel - 2.75,2.75,CASH,
18/12/2024 20:23,Bristol,Sean Arnold,"Large Flavoured iced latte - Caramel - 3.25, Large Flavoured iced latte - Caramel - 3.25, Regular Flavoured latte - Hazelnut - 2.55, Large Flavoured latte - Hazelnut - 2.85",11.9,CARD,2756115025083249
18/12/2024 20:25,Bristol,Deirdre Castanon,"Regular Flavoured latte - Hazelnut - 2.55, Large Flavoured iced latte - Caramel - 3.25, Large Flavoured iced latte - Caramel - 3.25, Regular Flavoured iced latte - Caramel - 2.75, Large Flavoured latte - Hazelnut - 2.85",14.65,CARD,8629260701120661
18/12/2024 20:26,Bristol,Billy Kelley,"Large Flavoured iced latte - Caramel - 3.25, Large Flavoured iced latte - Caramel - 3.25, Large Flavoured latte - Hazelnut - 2.85",9.35,CARD,5722896062007560
18/12/2024 20:28,Bristol,Jose Eisenberg,"Large Flavoured iced latte - Caramel - 3.25, Regular Flavoured iced latte - Caramel - 2.75",6.0,CASH,
18/12/2024 20:30,Bristol,Daniel Jimenez,"Large Flavoured iced latte - Caramel - 3.25, Regular Flavoured latte - Hazelnut - 2.55, Large Flavoured latte - Hazelnut - 2.85, Regular Flavoured iced latte - Caramel - 2.75, Regular Flavoured latte - Hazelnut - 2.55",13.95,CASH,
18/12/2024 20:32,Bristol,Glenda Eley,"Regular Flavoured iced latte - Caramel - 2.75, Large Flavoured iced latte - Caramel - 3.25, Large Flavoured latte - Hazelnut - 2.85, Regular Flavoured latte - Hazelnut - 2.55",11.4,CARD,8894847218466166
18/12/2024 20:34,Bristol,Robert Brison,Large Flavoured latte - Hazelnut - 2.85,2.85,CARD,5715875244547261
18/12/2024 20:36,Bristol,Christopher Ines,"Regular Flavoured iced latte - Caramel - 2.75, Large Flavoured latte - Hazelnut - 2.85, Large Flavoured iced latte - Caramel - 3.25, Large Flavoured iced latte - Caramel - 3.25, Large Flavoured latte - Hazelnut - 2.85",14.95,CARD,4086792298766571
18/12/2024 20:38,Bristol,Mary Grooms,Regular Flavoured iced latte - Caramel - 2.75,2.75,CARD,6407677484999684
18/12/2024 20:40,Bristol,Elizabeth Hall,Regular Flavoured latte - Hazelnut - 2.55,2.55,CARD,7306696221680101
18/12/2024 20:41,Bristol,Carissa Thompson,"Regular Flavoured latte - Hazelnut - 2.55, Regular Flavoured latte - Hazelnut - 2.55, Large Flavoured iced latte - Caramel - 3.25",8.35,CASH,
18/12/2024 20:43,Bristol,Andrea Parham,"Large Flavoured iced latte - Caramel - 3.25, Large Flavoured iced latte - Caramel - 3.25",6.5,CARD,2388139384453018
18/12/2024 20:45,Bristol,Erick Joseph,"Regular Flavoured iced latte - Caramel - 2.75, Large Flavoured latte - Hazelnut - 2.85, Regular Flavoured iced latte - Caramel - 2.75",8.35,CASH,
18/12/2024 20:47,Bristol,Katherine Ball,Regular Flavoured iced latte - Caramel - 2.75,2.75,CASH,
18/12/2024 20:49,Bristol,Freddie Porter,Large Flavoured latte - Hazelnut - 2.85,2.85,CARD,2712207828044649
18/12/2024 20:51,Bristol,Craig Broaddus,"Regular Flavoured iced latte - Caramel - 2.75, Regular Flavoured latte - Hazelnut - 2.55",5.3,CASH,
18/12/2024 20:53,Bristol,Carol Hill,"Regular Flavoured latte - Hazelnut - 2.55, Large Flavoured latte - Hazelnut - 2.85, Regular Flavoured latte - Hazelnut - 2.55, Regular Flavoured latte - Hazelnut - 2.55",10.5,CARD,3812340004569008
18/12/2024 20:54,Bristol,Brandi Vizcaino,"Large Flavoured latte - Hazelnut - 2.85, Large Flavoured latte - Hazelnut - 2.85, Regular Flavoured iced latte - Caramel - 2.75",8.45,CARD,4291547497763532
18/12/2024 20:56,Bristol,Martin Mitchell,"Regular Flavoured latte - Hazelnut - 2.55, Regular Flavoured iced latte - Caramel - 2.75, Large Flavoured latte - Hazelnut - 2.85",8.15,CARD,4894077083830211
18/12/2024 20:58,Bristol,Cathy Sullivan,"Regular Flavoured latte - Hazelnut - 2.55, Regular Flavoured latte - Hazelnut - 2.55",5.1,CARD,9930245043009129
